field,ID,z_peak,Prob_gt_6,verdict,n_issues,issues,dropout_ok,detection_ok,size_ok,errors_ok,center_ok,multi_band_ok,FWHM_arcsec,nn_dist_arcsec,nn_count_1as,expected_dropouts,expected_detections,SNR_F090W,SNR_F115W,SNR_F150W,SNR_F200W,SNR_F277W,SNR_F356W,SNR_F444W,F444W_flux,A_arcsec
GOODS-S,464514,11.49,1.0000001192092896,PASS,0,None,Y,Y,Y,Y,Y,Y,0.1686,9.536,0,F090W,"F150W,F200W,F277W,F356W,F444W",-0.9,0.3,2.3,2.9,8.1,21.6,50.0,223.0884,0.0723
GOODS-S,153326,11.55,1.0,PASS,0,None,Y,Y,Y,Y,Y,Y,0.1736,9.080,0,F090W,"F150W,F200W,F277W,F356W,F444W",1.3,12.5,10.9,3.4,11.5,61.8,94.0,224.4893,0.0748
GOODS-S,416913,11.57,0.9994826912879944,PASS,0,None,Y,Y,Y,Y,Y,Y,0.5138,1.157,0,F090W,"F150W,F200W,F277W,F356W,F444W",N/A,4.6,21.3,40.8,126.0,218.4,275.1,7121.1753,0.2702
GOODS-S,428330,11.61,0.9972654581069946,PASS,0,None,Y,Y,Y,Y,Y,Y,0.7050,2.031,0,F090W,"F150W,F200W,F277W,F356W,F444W",N/A,2.9,6.9,21.3,58.5,108.3,264.0,4877.4846,0.3958
GOODS-S,431625,11.74,0.9994134902954102,PASS,0,None,Y,Y,Y,Y,Y,Y,0.4701,6.570,0,F090W,"F150W,F200W,F277W,F356W,F444W",N/A,2.8,8.5,19.2,82.5,165.2,242.0,4262.3842,0.2315
GOODS-N,1003262,11.87,0.9999998807907104,PASS,0,None,Y,Y,Y,Y,Y,Y,0.1761,15.367,0,F090W,"F150W,F200W,F277W,F356W,F444W",2.0,6.8,2.5,2.6,1.8,11.4,38.5,184.7899,0.0748
GOODS-N,1125125,11.88,1.0,PASS,0,None,Y,Y,Y,Y,Y,Y,0.5541,8.684,0,F090W,"F150W,F200W,F277W,F356W,F444W",1.5,2.6,14.6,39.8,133.7,203.0,345.9,3833.6036,0.2782
GOODS-N,1030374,11.90,1.0,PASS,0,None,Y,Y,Y,Y,Y,Y,0.6377,18.404,0,F090W,"F150W,F200W,F277W,F356W,F444W",2.5,1.3,7.8,27.2,81.9,148.4,250.7,5991.1768,0.3205
GOODS-N,1223231,11.92,1.0000001192092896,PASS,0,None,Y,Y,Y,Y,Y,Y,0.1894,5.578,0,F090W,"F150W,F200W,F277W,F356W,F444W",N/A,8.5,3.8,2.7,2.7,15.0,75.8,440.4238,0.0811
GOODS-N,1186342,11.97,0.9999998807907104,PASS,0,None,Y,Y,Y,Y,Y,Y,0.4936,15.246,0,F090W,"F150W,F200W,F277W,F356W,F444W",2.7,0.5,7.3,7.6,57.5,130.9,237.2,2175.4129,0.2428
GOODS-S,473785,12.03,1.0,PASS,0,None,Y,Y,Y,Y,Y,Y,0.1589,6.220,0,F090W,"F150W,F200W,F277W,F356W,F444W",N/A,0.7,3.6,5.4,9.2,12.5,47.6,231.4523,0.0684
GOODS-S,153323,12.07,0.9981983304023743,MAYBE,1,F090W detected at SNR=4.4 (should be dropout at z=12.1),N,Y,Y,Y,Y,Y,0.4249,8.476,0,F090W,"F150W,F200W,F277W,F356W,F444W",4.4,2.3,3.8,10.2,65.6,122.0,207.9,2012.9166,0.2040
GOODS-S,429397,12.16,0.9999841451644897,PASS,0,None,Y,Y,Y,Y,Y,Y,0.4175,2.802,0,F090W,"F150W,F200W,F277W,F356W,F444W",N/A,-0.5,7.2,18.3,40.3,57.0,150.1,1323.6220,0.2009
GOODS-S,433690,12.52,0.9999998211860657,MAYBE,1,F090W detected at SNR=45.1 (should be dropout at z=12.5),N,Y,Y,Y,Y,Y,0.2147,8.953,0,F090W,"F150W,F200W,F277W,F356W,F444W",45.1,326.7,265.1,158.6,155.9,429.4,855.7,2004.0649,0.0931
GOODS-N,1075168,12.52,1.0000001192092896,PASS,0,None,Y,Y,Y,Y,Y,Y,0.3227,4.920,0,F090W,"F150W,F200W,F277W,F356W,F444W",0.0,-0.4,5.4,20.7,63.0,100.5,194.8,734.0414,0.1479
GOODS-N,1208716,12.62,0.9999454021453857,PASS,0,None,Y,Y,Y,Y,Y,Y,0.4315,8.839,0,F090W,"F150W,F200W,F277W,F356W,F444W",0.3,-0.3,5.2,14.4,77.9,119.6,180.8,1498.8212,0.2342
GOODS-N,1027338,12.65,0.979831874370575,PASS,0,None,Y,Y,Y,Y,Y,Y,0.6221,15.821,0,F090W,"F150W,F200W,F277W,F356W,F444W",-1.8,3.7,0.6,15.8,46.8,105.2,149.4,3456.5792,0.3339
GOODS-S,354660,12.67,0.9999977946281433,PASS,0,None,Y,Y,Y,Y,Y,Y,0.4597,1.855,0,F090W,"F150W,F200W,F277W,F356W,F444W",0.9,2.2,8.0,27.1,115.1,227.7,377.7,2767.3778,0.2111
GOODS-N,1204188,12.68,0.9999510049819946,PASS,0,None,Y,Y,Y,Y,Y,Y,0.4869,4.060,0,F090W,"F150W,F200W,F277W,F356W,F444W",-1.2,0.5,0.5,10.8,33.7,59.8,102.3,1344.2142,0.2713
GOODS-N,1206691,12.70,0.9193974733352661,PASS,0,None,Y,Y,Y,Y,Y,Y,0.2808,7.846,0,F090W,"F150W,F200W,F277W,F356W,F444W",0.5,-0.3,-1.1,2.8,17.3,37.4,60.5,636.3360,0.1332
GOODS-S,402176,12.71,0.9998872876167297,PASS,0,None,Y,Y,Y,Y,Y,Y,0.3904,2.491,0,F090W,"F150W,F200W,F277W,F356W,F444W",N/A,19.9,25.5,153.2,555.6,1057.8,1828.8,4776.0972,0.1742
GOODS-S,423232,8.07,0.9115124940872192,PASS,0,None,Y,Y,Y,Y,Y,Y,0.4508,19.253,0,,"F115W,F150W,F200W,F277W,F356W,F444W",N/A,9.4,18.8,37.6,89.5,169.0,274.3,4938.8967,0.2090
GOODS-S,416916,8.14,0.9999456405639648,MAYBE,1,"Nearest neighbor at 0.210"" — possible blending",Y,Y,Y,Y,Y,Y,0.3803,0.210,1,,"F115W,F150W,F200W,F277W,F356W,F444W",N/A,0.9,2.7,8.6,45.5,109.8,172.3,2741.4434,0.1770
GOODS-N,1087167,8.15,1.0,PASS,0,None,Y,Y,Y,Y,Y,Y,0.1935,7.950,0,,"F115W,F150W,F200W,F277W,F356W,F444W",1.9,11.1,3.7,7.1,N/A,79.4,126.5,840.4077,0.0827
GOODS-N,1210090,8.20,0.9999982118606567,PASS,0,None,Y,Y,Y,Y,Y,Y,0.3413,6.734,0,,"F115W,F150W,F200W,F277W,F356W,F444W",0.6,-0.3,N/A,12.4,N/A,140.8,238.9,2131.5553,0.1547
GOODS-S,462916,8.20,0.891117513179779,PASS,0,None,Y,Y,Y,Y,Y,Y,0.1713,8.219,0,,"F115W,F150W,F200W,F277W,F356W,F444W",2.4,-0.2,0.9,3.8,7.8,21.1,69.5,219.5008,0.0739
GOODS-N,1203011,8.24,1.0000001192092896,PASS,0,None,Y,Y,Y,Y,Y,Y,0.6951,15.313,0,,"F115W,F150W,F200W,F277W,F356W,F444W",2.5,0.6,10.6,33.3,142.9,205.1,325.5,5933.8357,0.3745
GOODS-N,1207106,8.27,0.9868273735046387,PASS,0,None,Y,Y,Y,Y,Y,Y,0.3074,1.324,0,,"F115W,F150W,F200W,F277W,F356W,F444W",N/A,8.0,23.8,34.0,121.8,209.8,318.6,3716.2711,0.1402
GOODS-S,219426,8.30,0.8093301653862,PASS,0,None,Y,Y,Y,Y,Y,Y,0.6085,5.323,0,,"F115W,F150W,F200W,F277W,F356W,F444W",5.9,23.1,53.8,133.9,527.7,635.2,960.6,6136.7470,0.2663
GOODS-S,417844,8.46,0.9999998807907104,PASS,0,None,Y,Y,Y,Y,Y,Y,0.4765,3.144,0,,"F115W,F150W,F200W,F277W,F356W,F444W",2.9,10.6,20.7,57.9,226.9,304.8,475.9,2277.4353,0.2258
GOODS-S,171973,8.47,0.9800812602043152,PASS,0,None,Y,Y,Y,Y,Y,Y,0.3186,2.768,0,,"F115W,F150W,F200W,F277W,F356W,F444W",19.7,23.7,42.5,71.4,293.5,579.0,929.4,2490.7830,0.1499
GOODS-N,1221701,8.74,0.9999999403953552,PASS,0,None,Y,Y,Y,Y,Y,Y,0.1683,11.150,0,,"F115W,F150W,F200W,F277W,F356W,F444W",N/A,3.1,7.6,9.0,13.3,30.0,58.9,303.2056,0.0724
GOODS-S,461166,8.77,1.0000001192092896,PASS,0,None,Y,Y,Y,Y,Y,Y,0.1730,9.161,0,,"F115W,F150W,F200W,F277W,F356W,F444W",N/A,9.4,14.2,13.5,24.7,32.0,76.1,372.1938,0.0751
GOODS-S,284527,8.97,1.0,PASS,0,None,Y,Y,Y,Y,Y,Y,0.3481,5.688,0,,"F115W,F150W,F200W,F277W,F356W,F444W",5.6,4.9,16.9,43.3,94.8,199.9,331.2,2239.5680,0.1570
GOODS-N,1091505,9.35,1.0,PASS,0,None,Y,Y,Y,Y,Y,Y,0.1639,4.765,0,,"F115W,F150W,F200W,F277W,F356W,F444W",-0.9,5.6,7.2,12.1,27.8,60.8,150.1,259.9492,0.0700
