field,ID,z_peak,Prob_gt_6,bin_z,F444W_flux,F200W_flux,F356W_flux,F150W_flux,red_1,red_2,A_arcsec,FWHM_arcsec,rank_in_bin,color_index,bin_size,hunt_type
GOODS-N,1001895,6.170000076293945,0.8683875203132629,6-8,231.0509,9.4642,110.4413,8.2206,1.3876,,0.0726,0.1675,1,red_1,3515,redness
GOODS-S,203749,7.639999866485596,1.0000001192092896,6-8,149.7626,6.2699,66.3467,4.5172,1.3781,1.1670,0.0739,0.1723,2,red_1,3515,redness
GOODS-N,1089808,6.5,0.9957369565963745,6-8,144.5836,6.1048,71.8147,8.0585,1.3744,0.9500,0.0676,0.1584,3,red_1,3515,redness
GOODS-N,1149542,6.639999866485596,1.0,6-8,855.6255,37.4455,408.1015,34.0973,1.3589,1.0780,0.0759,0.1776,4,red_1,3515,redness
GOODS-S,121710,7.909999847412109,1.0,6-8,255.8118,14.1674,123.8230,9.1002,1.2566,1.1338,0.0713,0.1666,5,red_1,3515,redness
GOODS-S,355255,6.220000267028809,0.9979878067970276,6-8,720.9798,40.2382,312.9658,22.9540,1.2533,1.1346,0.0822,0.1886,6,red_1,3515,redness
GOODS-S,236329,6.460000038146973,0.9954572916030884,6-8,463.8259,29.0848,504.8941,28.1911,1.2027,1.2531,0.0743,0.1743,7,red_1,3515,redness
GOODS-N,1017694,7.210000038146973,0.9959248304367065,6-8,295.1760,20.7367,135.5625,19.6754,1.1533,0.8382,0.0698,0.1634,8,red_1,3515,redness
GOODS-N,1220020,6.450000286102295,0.9976325631141663,6-8,717.8120,51.0533,308.4707,49.6563,1.1480,0.7932,0.0756,0.1740,9,red_1,3515,redness
GOODS-N,1204613,6.820000171661377,0.9989383816719055,6-8,195.6860,14.1180,87.3328,16.6695,1.1418,0.7193,0.0719,0.1677,10,red_1,3515,redness
GOODS-S,448527,6.059999942779541,0.807561993598938,6-8,189.4528,14.1760,81.1064,12.9329,1.1259,0.7974,0.0723,0.1656,11,red_1,3515,redness
GOODS-S,449647,7.929999828338623,0.9999999403953552,6-8,277.3230,20.9028,95.9063,18.9415,1.1228,0.7044,0.0791,0.1849,12,red_1,3515,redness
GOODS-N,1208938,7.849999904632568,0.9882490038871765,6-8,2319.0524,179.5949,1298.6703,nan,1.1110,,0.2577,0.5108,13,red_1,3515,redness
GOODS-S,90354,7.980000019073486,1.0000001192092896,6-8,57.9376,5.0398,18.2308,0.1599,1.0605,,0.0683,0.1599,14,red_1,3515,redness
GOODS-N,1013184,7.429999828338623,1.0,6-8,74.4177,6.6139,23.2495,20.0527,1.0512,0.0642,0.0716,0.1638,15,red_1,3515,redness
GOODS-S,11786,7.389999866485596,1.0000001192092896,6-8,104.1559,9.4390,40.2597,8.7069,1.0428,,0.0730,0.1685,16,red_1,3515,redness
GOODS-N,1004685,7.519999980926514,0.9999999403953552,6-8,98.3308,9.0014,41.7454,7.2766,1.0384,,0.0709,0.1648,17,red_1,3515,redness
GOODS-S,82667,6.53000020980835,0.9907206296920776,6-8,119.3481,11.0359,60.4484,6.6689,1.0340,,0.0729,0.1701,18,red_1,3515,redness
GOODS-S,331128,6.389999866485596,0.9993675351142883,6-8,186.3669,17.3573,78.6608,16.0537,1.0309,0.6902,0.0726,0.1671,19,red_1,3515,redness
GOODS-S,132229,7.570000171661377,0.9999998807907104,6-8,135.3405,12.7748,59.2895,11.0839,1.0251,0.7283,0.0747,0.1723,20,red_1,3515,redness
GOODS-S,425205,7.800000190734863,0.9999986290931702,6-8,4921.0770,467.3247,2651.4081,184.7524,1.0224,1.1569,0.2911,0.5568,21,red_1,3515,redness
GOODS-N,1203667,7.740000247955322,1.0,6-8,4487.1553,446.6591,2589.1412,169.4322,1.0020,1.1842,0.2523,0.4922,22,red_1,3515,redness
GOODS-S,448558,7.710000038146973,1.0,6-8,204.7662,20.9084,106.7914,20.6329,0.9909,0.7140,0.0755,0.1727,23,red_1,3515,redness
GOODS-S,473589,7.570000171661377,1.0,6-8,74.6706,8.1725,31.2741,8.8558,0.9608,0.5480,0.0700,0.1616,24,red_1,3515,redness
GOODS-S,461699,6.789999961853027,1.0,6-8,234.3875,26.2840,115.4967,14.6025,0.9502,0.8981,0.0738,0.1717,25,red_1,3515,redness
GOODS-N,1143164,7.53000020980835,1.0,6-8,89.7014,10.1743,36.5373,15.7570,0.9453,,0.0663,0.1546,26,red_1,3515,redness
GOODS-S,455446,6.340000152587891,0.9936670064926147,6-8,354.4353,40.5574,176.5595,34.5711,0.9415,0.7082,0.0772,0.1791,27,red_1,3515,redness
GOODS-S,143133,6.300000190734863,0.889509916305542,6-8,33.7387,4.1962,18.2539,3.8559,0.9053,0.6752,0.0678,0.1554,28,red_1,3515,redness
GOODS-S,318638,6.53000020980835,0.9900891184806824,6-8,91.8816,11.9324,53.0974,12.8048,0.8865,0.6177,0.0668,0.1563,29,red_1,3515,redness
GOODS-S,453238,6.5,0.9999999403953552,6-8,747.1222,97.1540,368.1337,75.3085,0.8859,0.6892,0.0772,0.1813,30,red_1,3515,redness
GOODS-S,219000,6.920000076293945,1.0000001192092896,6-8,330.4831,44.0883,247.0420,40.2955,0.8748,0.7875,0.0798,0.1808,31,red_1,3515,redness
GOODS-N,1223326,6.389999866485596,0.9310110807418823,6-8,288.3702,39.0515,154.4721,28.7645,0.8683,0.7300,0.0724,0.1696,32,red_1,3515,redness
GOODS-S,168364,6.510000228881836,0.9321115016937256,6-8,38.3330,5.2571,22.9301,4.5455,0.8628,0.7028,0.0698,0.1617,33,red_1,3515,redness
GOODS-S,391201,6.829999923706055,0.999518096446991,6-8,37.0150,5.3878,36.8158,8.5630,0.8370,0.6334,0.0883,0.2006,34,red_1,3515,redness
GOODS-N,1188841,7.260000228881836,0.9994921684265137,6-8,3967.2137,587.7994,2443.2972,353.1104,0.8293,0.8401,0.2355,0.4672,35,red_1,3515,redness
GOODS-S,236329,6.460000038146973,0.9954572916030884,6-8,463.8259,29.0848,504.8941,28.1911,1.2027,1.2531,0.0743,0.1743,1,red_2,3405,redness
GOODS-N,1203667,7.740000247955322,1.0,6-8,4487.1553,446.6591,2589.1412,169.4322,1.0020,1.1842,0.2523,0.4922,2,red_2,3405,redness
GOODS-S,203749,7.639999866485596,1.0000001192092896,6-8,149.7626,6.2699,66.3467,4.5172,1.3781,1.1670,0.0739,0.1723,3,red_2,3405,redness
GOODS-S,425205,7.800000190734863,0.9999986290931702,6-8,4921.0770,467.3247,2651.4081,184.7524,1.0224,1.1569,0.2911,0.5568,4,red_2,3405,redness
GOODS-S,355255,6.220000267028809,0.9979878067970276,6-8,720.9798,40.2382,312.9658,22.9540,1.2533,1.1346,0.0822,0.1886,5,red_2,3405,redness
GOODS-S,121710,7.909999847412109,1.0,6-8,255.8118,14.1674,123.8230,9.1002,1.2566,1.1338,0.0713,0.1666,6,red_2,3405,redness
GOODS-N,1149542,6.639999866485596,1.0,6-8,855.6255,37.4455,408.1015,34.0973,1.3589,1.0780,0.0759,0.1776,7,red_2,3405,redness
GOODS-N,1089808,6.5,0.9957369565963745,6-8,144.5836,6.1048,71.8147,8.0585,1.3744,0.9500,0.0676,0.1584,8,red_2,3405,redness
GOODS-S,461699,6.789999961853027,1.0,6-8,234.3875,26.2840,115.4967,14.6025,0.9502,0.8981,0.0738,0.1717,9,red_2,3405,redness
GOODS-S,411970,7.180000305175781,0.9998729228973389,6-8,2513.1857,473.1394,1707.1185,242.5783,0.7252,0.8474,0.3151,0.6187,10,red_2,3405,redness
GOODS-N,1188841,7.260000228881836,0.9994921684265137,6-8,3967.2137,587.7994,2443.2972,353.1104,0.8293,0.8401,0.2355,0.4672,11,red_2,3405,redness
GOODS-N,1017694,7.210000038146973,0.9959248304367065,6-8,295.1760,20.7367,135.5625,19.6754,1.1533,0.8382,0.0698,0.1634,12,red_2,3405,redness
GOODS-S,490383,6.680000305175781,0.8821556568145752,6-8,59.8634,25.0016,85.9985,12.7176,0.3792,0.8301,0.0750,0.1715,13,red_2,3405,redness
GOODS-S,141638,6.809999942779541,1.0,6-8,8.4137,2.4989,14.0285,2.0902,0.5272,0.8268,0.0613,0.1435,14,red_2,3405,redness
GOODS-S,448527,6.059999942779541,0.807561993598938,6-8,189.4528,14.1760,81.1064,12.9329,1.1259,0.7974,0.0723,0.1656,15,red_2,3405,redness
GOODS-N,1220020,6.450000286102295,0.9976325631141663,6-8,717.8120,51.0533,308.4707,49.6563,1.1480,0.7932,0.0756,0.1740,16,red_2,3405,redness
GOODS-S,219000,6.920000076293945,1.0000001192092896,6-8,330.4831,44.0883,247.0420,40.2955,0.8748,0.7875,0.0798,0.1808,17,red_2,3405,redness
GOODS-S,464001,6.980000019073486,1.0,6-8,47.0133,13.1935,51.0751,8.5746,0.5519,0.7750,0.0685,0.1594,18,red_2,3405,redness
GOODS-S,416914,7.309999942779541,0.9638559818267822,6-8,1838.3782,356.5502,1250.5007,211.8596,0.7123,0.7710,0.4720,0.8952,19,red_2,3405,redness
GOODS-S,484367,7.78000020980835,0.9994145631790161,6-8,21.5684,1.5363,9.3794,1.7050,,0.7405,0.0670,0.1554,20,red_2,3405,redness
GOODS-N,1223326,6.389999866485596,0.9310110807418823,6-8,288.3702,39.0515,154.4721,28.7645,0.8683,0.7300,0.0724,0.1696,21,red_2,3405,redness
GOODS-S,132229,7.570000171661377,0.9999998807907104,6-8,135.3405,12.7748,59.2895,11.0839,1.0251,0.7283,0.0747,0.1723,22,red_2,3405,redness
GOODS-N,1204613,6.820000171661377,0.9989383816719055,6-8,195.6860,14.1180,87.3328,16.6695,1.1418,0.7193,0.0719,0.1677,23,red_2,3405,redness
GOODS-S,448558,7.710000038146973,1.0,6-8,204.7662,20.9084,106.7914,20.6329,0.9909,0.7140,0.0755,0.1727,24,red_2,3405,redness
GOODS-S,455446,6.340000152587891,0.9936670064926147,6-8,354.4353,40.5574,176.5595,34.5711,0.9415,0.7082,0.0772,0.1791,25,red_2,3405,redness
GOODS-S,449647,7.929999828338623,0.9999999403953552,6-8,277.3230,20.9028,95.9063,18.9415,1.1228,0.7044,0.0791,0.1849,26,red_2,3405,redness
GOODS-S,168364,6.510000228881836,0.9321115016937256,6-8,38.3330,5.2571,22.9301,4.5455,0.8628,0.7028,0.0698,0.1617,27,red_2,3405,redness
GOODS-S,354536,6.659999847412109,0.999997615814209,6-8,261.7405,196.3498,325.4827,64.6303,0.1248,0.7021,0.1167,0.2426,28,red_2,3405,redness
GOODS-S,454705,6.619999885559082,0.9737524390220642,6-8,21.6616,24.8546,28.4017,5.7134,-0.0597,0.6964,0.0736,0.1687,29,red_2,3405,redness
GOODS-S,331128,6.389999866485596,0.9993675351142883,6-8,186.3669,17.3573,78.6608,16.0537,1.0309,0.6902,0.0726,0.1671,30,red_2,3405,redness
GOODS-S,453238,6.5,0.9999999403953552,6-8,747.1222,97.1540,368.1337,75.3085,0.8859,0.6892,0.0772,0.1813,31,red_2,3405,redness
GOODS-N,1010816,6.849999904632568,1.0000001192092896,6-8,307.2733,70.6725,268.2552,56.5172,0.6383,0.6764,0.0949,0.2093,32,red_2,3405,redness
GOODS-S,143133,6.300000190734863,0.889509916305542,6-8,33.7387,4.1962,18.2539,3.8559,0.9053,0.6752,0.0678,0.1554,33,red_2,3405,redness
GOODS-N,1218719,6.309999942779541,0.9439671039581299,6-8,204.4232,50.4619,183.5340,39.2714,0.6076,0.6696,0.1256,0.2669,34,red_2,3405,redness
GOODS-N,1210090,8.199999809265137,0.9999982118606567,8-10,2131.5553,130.0338,1138.8267,nan,1.2146,,0.1547,0.3413,1,red_1,938,redness
GOODS-S,462916,8.199999809265137,0.891117513179779,8-10,219.5008,14.3347,104.6199,5.6982,1.1850,,0.0739,0.1713,2,red_1,938,redness
GOODS-S,416916,8.140000343322754,0.9999456405639648,8-10,2741.4434,236.3562,1562.5065,73.4965,1.0644,1.3276,0.1770,0.3803,3,red_1,938,redness
GOODS-N,1091505,9.350000381469727,1.0,8-10,259.9492,22.7947,112.0503,19.6860,1.0571,0.7553,0.0700,0.1639,4,red_1,938,redness
GOODS-S,171973,8.470000267028809,0.9800812602043152,8-10,2490.7830,236.0406,1168.2282,128.3241,1.0233,0.9592,0.1499,0.3186,5,red_1,938,redness
GOODS-N,1158280,8.15999984741211,0.9999998807907104,8-10,57.1955,5.4744,20.7433,0.6789,1.0190,,0.0758,0.1723,6,red_1,938,redness
GOODS-N,1087167,8.149999618530273,1.0,8-10,840.4077,92.9845,422.6036,85.2795,0.9561,0.6951,0.0827,0.1935,7,red_1,938,redness
GOODS-S,435106,8.390000343322754,1.0,8-10,188.7454,21.0145,80.8025,15.8254,0.9534,0.7081,0.0708,0.1657,8,red_1,938,redness
GOODS-S,417844,8.460000038146973,0.9999998807907104,8-10,2277.4353,265.4889,1131.3408,93.8724,0.9334,1.0811,0.2258,0.4765,9,red_1,938,redness
GOODS-S,284527,8.970000267028809,1.0,8-10,2239.5680,266.6564,1035.1242,117.1668,0.9242,0.9462,0.1570,0.3481,10,red_1,938,redness
GOODS-S,467269,8.15999984741211,0.9994832277297974,8-10,82.7825,10.0730,40.3261,9.3285,0.9148,0.6358,0.0887,0.1935,11,red_1,938,redness
GOODS-N,1207106,8.270000457763672,0.9868273735046387,8-10,3716.2711,562.9808,2235.4246,317.9797,0.8196,0.8470,0.1402,0.3074,12,red_1,938,redness
GOODS-S,219426,8.300000190734863,0.8093301653862,8-10,6136.7470,962.1808,3586.5458,355.7372,0.8047,1.0035,0.2663,0.6085,13,red_1,938,redness
GOODS-S,458421,8.3100004196167,0.9661431312561035,8-10,177.1390,27.8761,92.8602,25.8347,0.8031,0.5556,0.0781,0.1790,14,red_1,938,redness
GOODS-N,1010393,9.0,1.0,8-10,39.6876,6.6286,10.9208,5.1542,0.7772,,0.0716,0.1667,15,red_1,938,redness
GOODS-N,1203011,8.239999771118164,1.0000001192092896,8-10,5933.8357,998.2429,3762.5977,551.2874,0.7741,0.8341,0.3745,0.6951,16,red_1,938,redness
GOODS-S,464098,8.980000495910645,1.0,8-10,130.6823,23.4224,41.6421,19.2050,0.7466,0.3361,0.0668,0.1560,17,red_1,938,redness
GOODS-N,1221701,8.739999771118164,0.9999999403953552,8-10,303.2056,55.9758,137.4081,46.9677,0.7337,0.4662,0.0724,0.1683,18,red_1,938,redness
GOODS-S,203945,8.25,1.0,8-10,13.5536,2.7186,7.6917,4.0718,0.6977,0.2762,0.0686,0.1567,19,red_1,938,redness
GOODS-S,459299,8.329999923706055,1.0,8-10,95.8224,19.8517,36.8223,34.1178,0.6837,0.0331,0.1549,0.2997,20,red_1,938,redness
GOODS-N,1061176,9.0,1.0,8-10,122.4359,25.6221,46.2901,30.6565,0.6793,0.1790,0.0785,0.1781,21,red_1,938,redness
GOODS-S,423232,8.069999694824219,0.9115124940872192,8-10,4938.8967,1094.6294,3204.5319,670.9806,0.6544,0.6791,0.2090,0.4508,22,red_1,938,redness
GOODS-S,519988,8.020000457763672,0.9999974966049194,8-10,28.8182,6.5759,10.5940,10.1257,0.6417,,0.1043,0.2109,23,red_1,938,redness
GOODS-S,403037,8.9399995803833,1.0,8-10,37.2861,8.9324,11.8504,10.5114,0.6206,0.0521,0.0792,0.1820,24,red_1,938,redness
GOODS-S,66293,8.869999885559082,1.0,8-10,105.9879,25.8399,39.6771,25.0410,0.6130,0.1999,0.0785,0.1789,25,red_1,938,redness
GOODS-N,1245266,8.8100004196167,1.0,8-10,196.2233,48.7382,55.9265,nan,0.6049,,0.0752,0.1653,26,red_1,938,redness
GOODS-S,467683,9.460000038146973,1.0000001192092896,8-10,83.8828,21.9331,32.6229,24.0747,0.5826,0.1320,0.0649,0.1510,27,red_1,938,redness
GOODS-S,461166,8.770000457763672,1.0000001192092896,8-10,372.1938,98.8314,126.5224,95.2444,0.5759,0.1233,0.0751,0.1730,28,red_1,938,redness
GOODS-S,401657,8.920000076293945,1.0000001192092896,8-10,18.6619,4.9761,7.5698,5.6540,0.5741,0.1267,0.0731,0.1701,29,red_1,938,redness
GOODS-S,82499,8.020000457763672,0.9999977946281433,8-10,26.7787,7.1777,12.9175,10.8492,0.5718,0.0758,0.0647,0.1503,30,red_1,938,redness
GOODS-S,416916,8.140000343322754,0.9999456405639648,8-10,2741.4434,236.3562,1562.5065,73.4965,1.0644,1.3276,0.1770,0.3803,1,red_2,903,redness
GOODS-S,417844,8.460000038146973,0.9999998807907104,8-10,2277.4353,265.4889,1131.3408,93.8724,0.9334,1.0811,0.2258,0.4765,2,red_2,903,redness
GOODS-S,219426,8.300000190734863,0.8093301653862,8-10,6136.7470,962.1808,3586.5458,355.7372,0.8047,1.0035,0.2663,0.6085,3,red_2,903,redness
GOODS-S,171973,8.470000267028809,0.9800812602043152,8-10,2490.7830,236.0406,1168.2282,128.3241,1.0233,0.9592,0.1499,0.3186,4,red_2,903,redness
GOODS-S,284527,8.970000267028809,1.0,8-10,2239.5680,266.6564,1035.1242,117.1668,0.9242,0.9462,0.1570,0.3481,5,red_2,903,redness
GOODS-N,1207106,8.270000457763672,0.9868273735046387,8-10,3716.2711,562.9808,2235.4246,317.9797,0.8196,0.8470,0.1402,0.3074,6,red_2,903,redness
GOODS-N,1203011,8.239999771118164,1.0000001192092896,8-10,5933.8357,998.2429,3762.5977,551.2874,0.7741,0.8341,0.3745,0.6951,7,red_2,903,redness
GOODS-N,1091505,9.350000381469727,1.0,8-10,259.9492,22.7947,112.0503,19.6860,1.0571,0.7553,0.0700,0.1639,8,red_2,903,redness
GOODS-S,435106,8.390000343322754,1.0,8-10,188.7454,21.0145,80.8025,15.8254,0.9534,0.7081,0.0708,0.1657,9,red_2,903,redness
GOODS-N,1087167,8.149999618530273,1.0,8-10,840.4077,92.9845,422.6036,85.2795,0.9561,0.6951,0.0827,0.1935,10,red_2,903,redness
GOODS-S,423232,8.069999694824219,0.9115124940872192,8-10,4938.8967,1094.6294,3204.5319,670.9806,0.6544,0.6791,0.2090,0.4508,11,red_2,903,redness
GOODS-S,467269,8.15999984741211,0.9994832277297974,8-10,82.7825,10.0730,40.3261,9.3285,0.9148,0.6358,0.0887,0.1935,12,red_2,903,redness
GOODS-N,1134141,8.010000228881836,0.9999114871025085,8-10,49.7988,-0.1971,23.0949,6.1589,,0.5740,0.0643,0.1495,13,red_2,903,redness
GOODS-S,458421,8.3100004196167,0.9661431312561035,8-10,177.1390,27.8761,92.8602,25.8347,0.8031,0.5556,0.0781,0.1790,14,red_2,903,redness
GOODS-S,405967,8.5,0.9999959468841553,8-10,8444.3765,3206.5391,6513.6855,2041.2076,0.4205,0.5039,0.9002,1.6056,15,red_2,903,redness
GOODS-N,1221701,8.739999771118164,0.9999999403953552,8-10,303.2056,55.9758,137.4081,46.9677,0.7337,0.4662,0.0724,0.1683,16,red_2,903,redness
GOODS-N,1240204,8.029999732971191,0.9999998807907104,8-10,93.1572,-1.7461,41.1259,16.4745,,0.3973,0.0695,0.1607,17,red_2,903,redness
GOODS-S,404993,9.380000114440918,0.999329149723053,8-10,80.4160,32.0510,70.0737,28.2417,0.3995,0.3947,0.1722,0.3781,18,red_2,903,redness
GOODS-S,397445,8.289999961853027,1.0000001192092896,8-10,116.8802,52.2263,95.0121,38.8734,0.3499,0.3881,0.0947,0.2200,19,red_2,903,redness
GOODS-S,462206,9.170000076293945,1.0000001192092896,8-10,40.3773,11.0306,16.7090,7.1213,0.5635,0.3704,0.0710,0.1635,20,red_2,903,redness
GOODS-N,1202651,9.239999771118164,0.9599364399909973,8-10,29.0107,28.0319,48.7033,20.8492,0.0149,0.3685,0.0965,0.2169,21,red_2,903,redness
GOODS-S,427272,9.380000114440918,0.9999996423721313,8-10,168.8986,70.2027,127.2131,55.9588,0.3813,0.3567,0.1792,0.3408,22,red_2,903,redness
GOODS-S,354617,9.380000114440918,0.8155199885368347,8-10,25.2478,27.2632,31.3026,14.0649,-0.0334,0.3474,0.1044,0.2338,23,red_2,903,redness
GOODS-S,407355,8.8100004196167,0.9999133348464966,8-10,49.0315,16.7529,30.4622,14.0118,0.4664,0.3373,0.1425,0.3055,24,red_2,903,redness
GOODS-S,464098,8.980000495910645,1.0,8-10,130.6823,23.4224,41.6421,19.2050,0.7466,0.3361,0.0668,0.1560,25,red_2,903,redness
GOODS-S,479058,8.739999771118164,0.9293113946914673,8-10,46.1110,42.2194,42.6477,19.7767,0.0383,0.3337,0.0968,0.2072,26,red_2,903,redness
GOODS-S,100210,8.039999961853027,0.8926028609275818,8-10,12.7788,8.5147,11.0688,5.2527,0.1763,0.3237,0.1046,0.2234,27,red_2,903,redness
GOODS-S,476958,8.420000076293945,0.8611336350440979,8-10,10.5121,10.0689,11.5751,5.7682,0.0187,0.3025,0.0934,0.2089,28,red_2,903,redness
GOODS-S,401249,8.25,1.0,8-10,115.6478,60.5672,91.3175,46.2145,0.2809,0.2958,0.1318,0.2720,29,red_2,903,redness
GOODS-S,518031,8.640000343322754,0.9958224296569824,8-10,61.6624,13.6438,26.3407,13.3800,,0.2942,0.0669,0.1542,30,red_2,903,redness
GOODS-N,1223231,11.920000076293945,1.0000001192092896,10-15,440.4238,17.7133,76.3735,24.2896,1.3956,0.4975,0.0811,0.1894,1,red_1,231,redness
GOODS-N,1206691,12.699999809265137,0.9193974733352661,10-15,636.3360,26.8062,260.7665,-21.4796,1.3755,,0.1332,0.2808,2,red_1,231,redness
GOODS-S,153326,11.550000190734863,1.0,10-15,224.4893,10.2416,116.9778,37.9925,1.3408,0.4884,0.0748,0.1736,3,red_1,231,redness
GOODS-S,402176,12.710000038146973,0.9998872876167297,10-15,4776.0972,309.9788,2152.4407,100.4890,1.1877,1.3308,0.1742,0.3904,4,red_1,231,redness
GOODS-N,1186342,11.970000267028809,0.9999998807907104,10-15,2175.4129,152.3807,1029.4537,121.6527,1.1546,0.9275,0.2428,0.4936,5,red_1,231,redness
GOODS-S,484558,12.15999984741211,1.0000001192092896,10-15,21.0163,1.7064,4.2186,1.9957,1.0905,,0.0690,0.1598,6,red_1,231,redness
GOODS-S,354660,12.670000076293945,0.9999977946281433,10-15,2767.3778,228.8578,1421.2484,71.3575,1.0825,1.2992,0.2111,0.4597,7,red_1,231,redness
GOODS-S,421975,12.600000381469727,0.9999998807907104,10-15,491.4216,42.7397,240.6714,8.9244,1.0606,1.4308,0.1997,0.4080,8,red_1,231,redness
GOODS-N,1027338,12.649999618530273,0.979831874370575,10-15,3456.5792,307.2119,1758.0593,22.3644,1.0512,,0.3339,0.6221,9,red_1,231,redness
GOODS-S,153323,12.069999694824219,0.9981983304023743,10-15,2012.9166,179.5870,1002.6046,61.1542,1.0496,1.2147,0.2040,0.4249,10,red_1,231,redness
GOODS-S,464514,11.489999771118164,1.0000001192092896,10-15,223.0884,20.2451,82.3661,18.3919,1.0422,0.6511,0.0723,0.1686,11,red_1,231,redness
GOODS-N,1030374,11.899999618530273,1.0,10-15,5991.1768,543.9842,3126.3841,210.6122,1.0419,1.1716,0.3205,0.6377,12,red_1,231,redness
GOODS-N,1003262,11.869999885559082,0.9999998807907104,10-15,184.7899,18.5202,36.8930,20.3754,0.9990,0.2578,0.0748,0.1761,13,red_1,231,redness
GOODS-S,431625,11.739999771118164,0.9994134902954102,10-15,4262.3842,455.1075,2468.6500,178.0870,0.9715,1.1418,0.2315,0.4701,14,red_1,231,redness
GOODS-N,1208716,12.619999885559082,0.9999454021453857,10-15,1498.8212,173.7439,841.4401,48.1856,0.9358,1.2421,0.2342,0.4315,15,red_1,231,redness
GOODS-N,1075168,12.519999504089355,1.0000001192092896,10-15,734.0414,86.2872,382.7311,30.6573,0.9298,1.0964,0.1479,0.3227,16,red_1,231,redness
GOODS-S,172813,13.100000381469727,0.9481474161148071,10-15,4092.4951,512.5685,2203.6482,148.3051,0.9022,1.1720,0.4189,0.8663,17,red_1,231,redness
GOODS-S,470678,10.729999542236328,1.0000001192092896,10-15,47.3650,6.3058,17.3806,11.5268,0.8757,0.1784,0.0717,0.1675,18,red_1,231,redness
GOODS-S,404158,12.600000381469727,0.9999998807907104,10-15,1430.6577,193.8707,835.7088,-51.0085,0.8680,,0.4710,0.8523,19,red_1,231,redness
GOODS-N,1125125,11.880000114440918,1.0,10-15,3833.6036,550.4212,2052.8355,217.8741,0.8429,0.9741,0.2782,0.5541,20,red_1,231,redness
GOODS-S,13985,11.569999694824219,1.0,10-15,24.4210,3.6031,4.9411,0.6728,0.8311,,0.0707,0.1648,21,red_1,231,redness
GOODS-N,1204188,12.680000305175781,0.9999510049819946,10-15,1344.2142,209.0351,795.2983,10.0475,0.8082,,0.2713,0.4869,22,red_1,231,redness
GOODS-S,473785,12.029999732971191,1.0,10-15,231.4523,41.5740,48.8689,26.7074,0.7456,0.2624,0.0684,0.1589,23,red_1,231,redness
GOODS-S,428330,11.609999656677246,0.9972654581069946,10-15,4877.4846,898.2366,3124.3095,285.4115,0.7348,1.0393,0.3958,0.7050,24,red_1,231,redness
GOODS-S,125061,10.319999694824219,1.0000001192092896,10-15,46.7961,8.6795,20.9062,7.6147,0.7317,0.4386,0.0668,0.1544,25,red_1,231,redness
GOODS-S,429397,12.15999984741211,0.9999841451644897,10-15,1323.6220,254.1734,789.4110,148.8442,0.7166,0.7246,0.2009,0.4175,26,red_1,231,redness
GOODS-S,429401,12.630000114440918,0.9650630950927734,10-15,615.9599,119.8908,353.0456,-22.4765,0.7108,,0.2876,0.5322,27,red_1,231,redness
GOODS-S,416913,11.569999694824219,0.9994826912879944,10-15,7121.1753,1840.7539,5121.9705,953.1846,0.5876,0.7303,0.2702,0.5138,28,red_1,231,redness
GOODS-S,64312,10.539999961853027,1.0000001192092896,10-15,15.5108,4.2795,5.7515,3.0319,0.5592,0.2781,0.0683,0.1587,29,red_1,231,redness
GOODS-S,433690,12.519999504089355,0.9999998211860657,10-15,2004.0649,573.5980,804.7423,815.5408,0.5433,-0.0058,0.0931,0.2147,30,red_1,231,redness
GOODS-S,421975,12.600000381469727,0.9999998807907104,10-15,491.4216,42.7397,240.6714,8.9244,1.0606,1.4308,0.1997,0.4080,1,red_2,184,redness
GOODS-S,402176,12.710000038146973,0.9998872876167297,10-15,4776.0972,309.9788,2152.4407,100.4890,1.1877,1.3308,0.1742,0.3904,2,red_2,184,redness
GOODS-S,354660,12.670000076293945,0.9999977946281433,10-15,2767.3778,228.8578,1421.2484,71.3575,1.0825,1.2992,0.2111,0.4597,3,red_2,184,redness
GOODS-N,1208716,12.619999885559082,0.9999454021453857,10-15,1498.8212,173.7439,841.4401,48.1856,0.9358,1.2421,0.2342,0.4315,4,red_2,184,redness
GOODS-S,153323,12.069999694824219,0.9981983304023743,10-15,2012.9166,179.5870,1002.6046,61.1542,1.0496,1.2147,0.2040,0.4249,5,red_2,184,redness
GOODS-S,172813,13.100000381469727,0.9481474161148071,10-15,4092.4951,512.5685,2203.6482,148.3051,0.9022,1.1720,0.4189,0.8663,6,red_2,184,redness
GOODS-N,1030374,11.899999618530273,1.0,10-15,5991.1768,543.9842,3126.3841,210.6122,1.0419,1.1716,0.3205,0.6377,7,red_2,184,redness
GOODS-S,431625,11.739999771118164,0.9994134902954102,10-15,4262.3842,455.1075,2468.6500,178.0870,0.9715,1.1418,0.2315,0.4701,8,red_2,184,redness
GOODS-N,1075168,12.519999504089355,1.0000001192092896,10-15,734.0414,86.2872,382.7311,30.6573,0.9298,1.0964,0.1479,0.3227,9,red_2,184,redness
GOODS-S,428330,11.609999656677246,0.9972654581069946,10-15,4877.4846,898.2366,3124.3095,285.4115,0.7348,1.0393,0.3958,0.7050,10,red_2,184,redness
GOODS-N,1125125,11.880000114440918,1.0,10-15,3833.6036,550.4212,2052.8355,217.8741,0.8429,0.9741,0.2782,0.5541,11,red_2,184,redness
GOODS-N,1186342,11.970000267028809,0.9999998807907104,10-15,2175.4129,152.3807,1029.4537,121.6527,1.1546,0.9275,0.2428,0.4936,12,red_2,184,redness
GOODS-S,416913,11.569999694824219,0.9994826912879944,10-15,7121.1753,1840.7539,5121.9705,953.1846,0.5876,0.7303,0.2702,0.5138,13,red_2,184,redness
GOODS-S,429397,12.15999984741211,0.9999841451644897,10-15,1323.6220,254.1734,789.4110,148.8442,0.7166,0.7246,0.2009,0.4175,14,red_2,184,redness
GOODS-S,464514,11.489999771118164,1.0000001192092896,10-15,223.0884,20.2451,82.3661,18.3919,1.0422,0.6511,0.0723,0.1686,15,red_2,184,redness
GOODS-S,29402,10.670000076293945,1.0,10-15,14.9587,6.3315,9.9054,2.7473,0.3734,0.5570,0.0688,0.1601,16,red_2,184,redness
GOODS-N,1223231,11.920000076293945,1.0000001192092896,10-15,440.4238,17.7133,76.3735,24.2896,1.3956,0.4975,0.0811,0.1894,17,red_2,184,redness
GOODS-S,153326,11.550000190734863,1.0,10-15,224.4893,10.2416,116.9778,37.9925,1.3408,0.4884,0.0748,0.1736,18,red_2,184,redness
GOODS-S,149962,12.6899995803833,1.0,10-15,9.1540,13.5989,9.1204,3.2243,-0.1719,0.4516,0.0679,0.1561,19,red_2,184,redness
GOODS-S,469315,11.65999984741211,1.0000001192092896,10-15,119.3888,3.1578,27.7166,9.9810,,0.4436,0.0723,0.1677,20,red_2,184,redness
GOODS-S,125061,10.319999694824219,1.0000001192092896,10-15,46.7961,8.6795,20.9062,7.6147,0.7317,0.4386,0.0668,0.1544,21,red_2,184,redness
GOODS-S,403046,10.520000457763672,0.9995622634887695,10-15,9.0677,6.8726,8.9029,3.8948,0.1204,0.3590,0.0796,0.1730,22,red_2,184,redness
GOODS-S,130158,11.699999809265137,1.0000001192092896,10-15,22.3669,18.6672,18.3430,8.3659,0.0785,0.3410,0.0772,0.1764,23,red_2,184,redness
GOODS-S,354282,10.489999771118164,0.999943196773529,10-15,41.0771,21.1102,28.3532,13.4688,0.2891,0.3233,0.0937,0.2063,24,red_2,184,redness
GOODS-S,503885,11.930000305175781,1.0,10-15,8.8513,8.9120,7.0423,3.3645,-0.0030,0.3208,0.0689,0.1600,25,red_2,184,redness
GOODS-S,439196,11.319999694824219,0.9975651502609253,10-15,6.1094,5.8042,6.6995,3.2162,0.0223,0.3187,0.0736,0.1700,26,red_2,184,redness
GOODS-N,1137901,10.720000267028809,0.9986467361450195,10-15,13.9890,11.8177,11.3991,5.7667,0.0733,0.2959,0.0705,0.1637,27,red_2,184,redness
GOODS-N,1127846,11.029999732971191,1.0,10-15,11.5616,20.5421,17.5486,9.2079,-0.2496,0.2801,0.0783,0.1736,28,red_2,184,redness
GOODS-S,436031,12.430000305175781,1.0,10-15,5.3478,7.8062,7.8428,4.1163,-0.1643,0.2800,0.0849,0.1926,29,red_2,184,redness
GOODS-S,495517,11.050000190734863,1.0,10-15,9.1491,15.8037,8.8662,4.6589,-0.2374,0.2795,0.0734,0.1640,30,red_2,184,redness
